,zip_code,value,coor
0,90001,4.0,"[48.34914529877397, 17.300520373266213]"
1,90002,2.0,"[35.754, -5.8]"
2,90003,2.0,"[35.781, -5.815]"
3,90004,4.0,"[34.07168465517919, -118.30234511002183]"
4,90005,6.0,"[35.786, -5.828]"
5,90006,2.0,"[34.05068465607646, -118.29073334817194]"
6,90007,4.0,"[34.03052732412956, -118.27969920406417]"
7,90010,6.0,"[36.19501514532125, 44.140471293622696]"
8,90011,2.0,"[34.00994074563947, -118.25919526343927]"
9,90012,2.0,"[34.0575058, -118.23641176949221]"
10,90013,4.0,"[35.778, -5.806]"
11,90014,4.0,"[35.746, -5.797]"
12,90015,2.0,"[38.03010484256945, 14.028497966844943]"
13,90016,4.0,"[35.7438961, -5.8171676]"
14,90017,4.0,"[34.0501417, -118.26389671649592]"
15,90019,2.0,"[34.04753184847902, -118.33529760081062]"
16,90020,10.0,"[37.79712164466736, 13.889924700598826]"
17,90022,2.0,"[34.02530196976624, -118.15524381210003]"
18,90023,4.0,"[34.02385110222089, -118.20036509121438]"
19,90024,6.0,"[35.753, -5.783]"
20,90025,2.0,"[48.22553842174981, 17.25176081482103]"
21,90026,2.0,"[35.760913, -5.8129199]"
22,90027,4.0,"[48.1964390024454, 17.303306027874832]"
23,90028,8.0,"[48.182047214966325, 17.253320887848655]"
24,90029,4.0,"[34.08696539812105, -118.290332579697]"
25,90031,2.0,"[48.271652746400775, 17.033503520582524]"
26,90032,2.0,"[48.26319795382013, 17.08423631027554]"
27,90033,2.0,"[35.7547008, -5.8532827]"
28,90036,2.0,"[38.038966222344726, 13.449887140975408]"
29,90037,4.0,"[34.00500170831878, -118.28361491358113]"
30,90038,2.0,"[34.0883775825749, -118.32783733124042]"
31,90039,4.0,"[38.07835023001671, 13.445073028305499]"
32,90041,4.0,"[48.09212235, 17.245486550000003]"
33,90042,4.0,"[48.08523241877389, 17.268924882240174]"
34,90043,2.0,"[33.99209476659527, -118.34593006000622]"
35,90044,2.0,"[48.13830411840653, 17.322669617966024]"
36,90045,2.0,"[33.96578255987822, -118.39917790846499]"
37,90047,2.0,"[33.95094217006867, -118.30327891235814]"
38,90048,4.0,"[34.06870150427296, -118.37052045555875]"
39,90049,4.0,"[38.14524539259137, 13.082870509620967]"
40,90056,6.0,"[33.987580870981674, -118.37776348217267]"
41,90057,2.0,"[34.06409347201749, -118.27776106623057]"
42,90058,4.0,"[34.00286579924166, -118.23029881437215]"
43,90059,6.0,"[33.92732630630911, -118.24644049203887]"
44,90061,2.0,"[33.920721038312024, -118.27381236462949]"
45,90062,6.0,"[22.6809418, 120.4895591]"
46,90063,4.0,"[34.043143693902735, -118.18541293555968]"
47,90065,2.0,"[22.682901131597305, 120.48677822838079]"
48,90066,4.0,"[33.99919509838544, -118.4259494586742]"
49,90068,2.0,"[22.6807776, 120.4762139]"
50,90069,2.0,"[34.089015009291366, -118.383213474479]"
51,90071,4.0,"[34.05146556237103, -118.2550849951359]"
52,90211,2.0,"[58.70208703581528, 23.855917315940513]"
53,90221,4.0,"[33.890654234823344, -118.2070550060565]"
54,90230,4.0,"[65.008966836196, 25.52854627147021]"
55,90232,2.0,"[58.72311570226346, 23.620840989901385]"
56,90240,2.0,"[64.99196571344284, 25.55956454623188]"
57,90241,2.0,"[58.733332372714194, 23.939673591617844]"
58,90242,2.0,"[58.74578946582423, 23.85816191162549]"
59,90245,2.0,"[58.692126967554536, 24.040001720574267]"
60,90248,2.0,"[33.88149908939305, -118.28406520974144]"
61,90250,2.0,"[64.98475187828345, 25.51779393003962]"
62,90254,6.0,"[33.86482917418713, -118.39743760613298]"
63,90255,6.0,"[33.977077365515576, -118.2230276837761]"
64,90260,4.0,"[33.88920077845945, -118.35661064733009]"
65,90262,4.0,"[33.92960992579033, -118.20305319819343]"
66,90263,2.0,"[48.16325768795278, 22.819770380490887]"
67,90265,2.0,"[34.04382241521548, -118.75630768936261]"
68,90272,4.0,"[34.06594469335616, -118.47937249432572]"
69,90277,2.0,"[33.81407887173659, -118.38289935180411]"
70,90290,2.0,"[34.10060401968653, -118.6068785874687]"
71,90291,2.0,"[33.99738214057148, -118.461460227319]"
72,90292,6.0,"[33.98194011237472, -118.45505027861925]"
73,90301,2.0,"[48.21736079410657, 17.393280078031054]"
74,90302,2.0,"[33.97627967142097, -118.35390214773231]"
75,90303,4.0,"[33.939969099912155, -118.329912200099]"
76,90304,2.0,"[63.8321194, 20.3271592]"
77,90402,2.0,"[49.44964704250008, 11.080488350716248]"
78,90403,4.0,"[49.454757799999996, 11.078645023953973]"
79,90405,4.0,"[34.0097643440881, -118.46466574561623]"
80,90501,4.0,"[33.82371917663117, -118.32007699900008]"
81,90502,4.0,"[33.82629043203066, -118.292360269882]"
82,90503,2.0,"[33.842241370459654, -118.35964140378093]"
83,90504,4.0,"[33.870240760210294, -118.33109169590314]"
84,90505,2.0,"[58.943259879789665, 23.546918429431518]"
85,90602,4.0,"[49.2844684, 11.272881552835383]"
86,90603,2.0,"[33.950825927567436, -118.00509570883892]"
87,90605,2.0,"[33.95119537056255, -118.03674405523628]"
88,90606,2.0,"[33.974616033171124, -118.06584083459062]"
89,90620,4.0,"[65.04768033284876, 25.5577983261104]"
90,90621,4.0,"[63.85045254224574, 20.317208384025385]"
91,90623,6.0,"[58.93240774927055, 23.90714088530227]"
92,90631,4.0,"[48.65959223392425, 17.407574100589155]"
93,90640,2.0,"[34.01449034664191, -118.11173436723838]"
94,90660,4.0,"[33.99073453282292, -118.0866544936662]"
95,90670,2.0,"[33.94960610442013, -118.08318886129301]"
96,90680,2.0,"[33.800570669876244, -117.99810267355491]"
97,90703,2.0,"[48.75099718004733, 17.524647641397422]"
98,90704,4.0,"[33.344000540619895, -118.32854159795126]"
99,90706,4.0,"[33.88994583772602, -118.13206983577811]"
100,90710,4.0,"[33.80326137064269, -118.29638116508706]"
101,90712,8.0,"[33.85124524366067, -118.14310613695261]"
102,90713,4.0,"[33.85191428201102, -118.11478898370831]"
103,90716,2.0,"[33.83765182408384, -118.09523333668777]"
104,90717,4.0,"[33.79777447151288, -118.32126075920003]"
105,90720,2.0,"[33.79750198236659, -118.06784557019935]"
106,90723,2.0,"[33.901325562392344, -118.15614754302321]"
107,90731,2.0,"[63.80979390714286, 20.30876265]"
108,90732,2.0,"[63.807934875428224, 20.312324029194208]"
109,90740,4.0,"[63.80223719807371, 20.319399284649766]"
110,90742,4.0,"[63.79730619488749, 20.31460372117893]"
111,90745,4.0,"[33.846759210333474, -118.26823302184094]"
112,90802,4.0,"[58.96748976470195, 23.889066378074492]"
113,90804,4.0,"[33.78180292350812, -118.15593259092695]"
114,90805,2.0,"[33.85747855373091, -118.17927970318814]"
115,90807,4.0,"[33.826260299322556, -118.18383131461613]"
116,90808,4.0,"[33.81434115857125, -118.11588182742537]"
117,90810,6.0,"[65.12229180957601, 25.283724906977206]"
118,90813,2.0,"[33.780187050704654, -118.19621973481594]"
119,90814,2.0,"[33.769924259503476, -118.14856560378588]"
120,90822,2.0,"[33.77857387835698, -118.11869533357893]"
121,91001,2.0,"[34.18524172364407, -118.13680686209868]"
122,91007,2.0,"[48.63281046672573, 2.4253854386333824]"
123,91010,4.0,"[31.7820461, 35.2210762]"
124,91011,2.0,"[34.21358746594645, -118.18143790971162]"
125,91016,2.0,"[59.02466106127184, 23.641483276313778]"
126,91020,2.0,"[58.96107534351447, 23.696285744190913]"
127,91024,2.0,"[34.16555782825904, -118.0534214572561]"
128,91030,6.0,"[34.11381660798116, -118.15407136748269]"
129,91040,2.0,"[34.26026546560638, -118.32192138390806]"
130,91042,6.0,"[34.2504867470604, -118.28493859985711]"
131,91103,4.0,"[34.15943498515944, -118.15249296567448]"
132,91104,2.0,"[59.23902354481036, 23.663273971205165]"
133,91105,4.0,"[59.210004096156275, 23.705987847910492]"
134,91106,2.0,"[34.141268347726516, -118.1287876330416]"
135,91107,6.0,"[34.1541570708811, -118.08629704165992]"
136,91108,4.0,"[48.8745926876403, 18.046272475540814]"
137,91202,4.0,"[59.16024841916452, 23.52986369020772]"
138,91203,4.0,"[58.998944343607114, 23.445819813040565]"
139,91204,4.0,"[59.02363164016788, 23.482493537098417]"
140,91205,2.0,"[34.139460547148076, -118.24654661055135]"
141,91206,6.0,"[58.98515266253725, 23.554009996239394]"
142,91207,4.0,"[49.520454099999995, 11.282948570892039]"
143,91208,2.0,"[59.057521076241215, 23.437012814288973]"
144,91301,4.0,"[49.7122951, 11.066428540331337]"
145,91303,2.0,"[59.01945927546938, 23.305664925218935]"
146,91304,4.0,"[59.01027146717932, 23.19416227529257]"
147,91306,2.0,"[48.8095364, 17.8870846]"
148,91311,2.0,"[48.854412653407564, 17.979205233562244]"
149,91316,2.0,"[34.16573492763332, -118.51391124654522]"
150,91321,2.0,"[34.38603093566441, -118.53606441791752]"
151,91324,2.0,"[34.23385044123424, -118.54217871574282]"
152,91325,2.0,"[34.24773148015493, -118.52867450619514]"
153,91326,2.0,"[34.27781101405457, -118.56255928621405]"
154,91331,4.0,"[34.24860106996349, -118.4288982788777]"
155,91335,4.0,"[34.19317926132576, -118.53598569379288]"
156,91340,2.0,"[34.283753585560916, -118.44054516457291]"
157,91342,2.0,"[34.29953179617916, -118.47411960352328]"
158,91343,2.0,"[34.23907520565401, -118.46672169288243]"
159,91344,2.0,"[34.27487816212341, -118.48757509527287]"
160,91345,4.0,"[34.25682787340574, -118.46581982897763]"
161,91350,4.0,"[48.653458304759226, 2.384331414921342]"
162,91351,4.0,"[34.41914437149233, -118.45789605375064]"
163,91352,2.0,"[49.7513857, 10.986913553418987]"
164,91354,2.0,"[34.44590102176026, -118.55548540820564]"
165,91355,4.0,"[34.413915177168626, -118.56779388852833]"
166,91356,4.0,"[34.171636329747734, -118.54237895929151]"
167,91360,2.0,"[48.66709417957783, 2.3252889316297822]"
168,91361,2.0,"[34.15509195574206, -118.8344108416464]"
169,91362,2.0,"[34.17589563305845, -118.82653729789247]"
170,91367,2.0,"[49.626673049999994, 11.264831535613922]"
171,91381,4.0,"[34.38473933291146, -118.57759180011648]"
172,91384,4.0,"[34.45910942382967, -118.62077690924865]"
173,91401,2.0,"[48.699243160738376, 2.1879091748511588]"
174,91402,8.0,"[34.23087573925888, -118.45027237077733]"
175,91403,2.0,"[34.15662568389268, -118.4569304018791]"
176,91411,6.0,"[34.178281034933676, -118.46053331710388]"
177,91423,6.0,"[34.157012443129396, -118.44055798076279]"
178,91501,6.0,"[48.75567752276931, 17.830988297412546]"
179,91502,4.0,"[34.17950397233413, -118.31398881094053]"
180,91504,2.0,"[34.19801749450468, -118.33280811941201]"
181,91601,8.0,"[48.778765800425305, 17.687978562550096]"
182,91605,8.0,"[34.18119241702555, -118.40475537472663]"
183,91606,2.0,"[34.184451480456424, -118.39171913244002]"
184,91607,2.0,"[34.176104808231536, -118.40778848599909]"
185,91702,2.0,"[48.35655453646677, 17.575489786769968]"
186,91710,4.0,"[34.00632320781654, -117.68045969300708]"
187,91711,4.0,"[34.10680175387701, -117.72097405512457]"
188,91722,4.0,"[64.2550599, 16.4305066]"
189,91723,2.0,"[34.08340288686981, -117.88702773329541]"
190,91730,2.0,"[34.09524749997052, -117.5552377842286]"
191,91731,6.0,"[48.5938094, 2.3014448]"
192,91732,6.0,"[34.072347359421705, -118.01662884454241]"
193,91733,2.0,"[34.049909192210855, -118.04657421828892]"
194,91737,4.0,"[34.14400758247057, -117.58275250068401]"
195,91739,2.0,"[34.124499217559816, -117.56266444484807]"
196,91740,2.0,"[34.11868465677456, -117.8563820797063]"
197,91741,2.0,"[34.138939983782386, -117.85218036722223]"
198,91744,8.0,"[34.03222287833727, -117.94308526236482]"
199,91745,2.0,"[33.99961312417628, -117.96501398339753]"
200,91746,6.0,"[34.04865546520324, -117.98265708251733]"
201,91748,6.0,"[33.9816284479019, -117.89598305826337]"
202,91752,2.0,"[33.96965542523942, -117.55625276431269]"
203,91754,2.0,"[34.0501589177054, -118.14256089200599]"
204,91761,2.0,"[48.7107028, 2.2177858]"
205,91762,2.0,"[34.059063166709144, -117.66758484149922]"
206,91763,2.0,"[34.07385664922704, -117.69906809034399]"
207,91764,4.0,"[34.078006852931715, -117.62074586141668]"
208,91766,2.0,"[34.04062454848399, -117.75207056155668]"
209,91767,4.0,"[34.08043121667698, -117.73787849872063]"
210,91768,4.0,"[36.292665150000005, 59.560870949999995]"
211,91770,6.0,"[48.54043477914322, 2.3330967526603033]"
212,91773,8.0,"[34.10455380430623, -117.81380092287375]"
213,91775,4.0,"[48.368429921148426, 17.591204155528754]"
214,91776,2.0,"[34.08911436379172, -118.09158125121063]"
215,91789,4.0,"[34.019704624367456, -117.86834487122067]"
216,91790,2.0,"[34.06638306970487, -117.93827826577377]"
217,91791,2.0,"[34.060069185465814, -117.90001471056847]"
218,91792,2.0,"[34.02342399062516, -117.90172822835005]"
219,91801,4.0,"[48.680933500073294, 2.5278147166747993]"
220,91803,4.0,"[34.0715352058144, -118.14641944580399]"
221,91901,6.0,"[48.4140025, 17.491107466666666]"
222,91902,4.0,"[32.666378575337745, -117.02272465937278]"
223,91905,4.0,"[32.662785539267645, -116.31299769329986]"
224,91906,6.0,"[32.662691143599524, -116.48150236035733]"
225,91910,4.0,"[32.636829854023944, -117.05953131603692]"
226,91914,2.0,"[32.669564763776336, -116.94496286107616]"
227,91915,4.0,"[32.625362478917786, -116.95430170698903]"
228,91917,2.0,"[32.62067410386473, -116.7464468768115]"
229,91931,6.0,"[64.16107154449891, 17.34999328543738]"
230,91932,4.0,"[32.578554820171554, -117.1162386193438]"
231,91934,6.0,"[32.623757033094414, -116.19479814559861]"
232,91935,4.0,"[32.71907184419484, -116.83063363171978]"
233,91942,2.0,"[48.28445262809917, 17.549399928196657]"
234,91948,6.0,"[32.86469445102042, -116.4232216204082]"
235,91977,2.0,"[32.7242714371017, -116.99711159166638]"
236,91978,2.0,"[32.73460948139927, -116.95704630002483]"
237,92003,4.0,"[58.78103909478061, 22.69873223551654]"
238,92004,4.0,"[33.23405986065479, -116.3505950288028]"
239,92007,2.0,"[33.02654840370285, -117.2750280673256]"
240,92008,4.0,"[33.15623506557508, -117.33119773776055]"
241,92009,4.0,"[33.095807532526464, -117.25669456696852]"
242,92014,6.0,"[37.293412000643755, 13.52173166447598]"
243,92019,2.0,"[32.777085227260464, -116.91219703764811]"
244,92020,2.0,"[32.793109531238514, -116.97216243104039]"
245,92021,2.0,"[37.40190955, 13.619297691053102]"
246,92024,4.0,"[33.054259506355926, -117.26933774267756]"
247,92026,2.0,"[33.17726675045849, -117.10605604378304]"
248,92027,2.0,"[33.138593205520664, -117.051363304054]"
249,92028,4.0,"[33.36427631876078, -117.21992703348401]"
250,92029,4.0,"[33.09128290382095, -117.10872838792946]"
251,92036,4.0,"[33.049588916272434, -116.55862351671479]"
252,92037,2.0,"[32.83556333490862, -117.25913327832525]"
253,92040,2.0,"[32.85735283600899, -116.92302629288012]"
254,92056,4.0,"[33.19729862349039, -117.28512576092429]"
255,92057,6.0,"[33.245923854803436, -117.30253017008476]"
256,92059,4.0,"[33.373622584862694, -117.0724627321508]"
257,92060,6.0,"[33.31343935663083, -116.85997808172041]"
258,92061,6.0,"[33.31088019245947, -116.98205175216094]"
259,92064,2.0,"[32.97578586883574, -117.04168909608441]"
260,92065,2.0,"[33.02648663100786, -116.85308574405792]"
261,92066,2.0,"[65.8194296, 15.086188]"
262,92069,2.0,"[33.15362863414611, -117.14653505964391]"
263,92071,4.0,"[32.85091708689313, -116.98703745718333]"
264,92075,4.0,"[32.99592193555615, -117.25904242137062]"
265,92078,4.0,"[33.12499209349447, -117.19851718480703]"
266,92082,4.0,"[33.25095634890673, -117.0301405412519]"
267,92083,2.0,"[33.19763930723363, -117.24728226679007]"
268,92084,2.0,"[33.21206023747345, -117.22037539860318]"
269,92091,2.0,"[32.99049573158853, -117.21243092821253]"
270,92101,2.0,"[58.82859006184742, 22.777446992827276]"
271,92102,2.0,"[32.71535055312192, -117.11937219903285]"
272,92103,6.0,"[32.74695709880103, -117.16846741550137]"
273,92104,6.0,"[32.74314132552721, -117.12777164297503]"
274,92105,6.0,"[32.739954222575264, -117.09492746905352]"
275,92106,4.0,"[32.72950335706742, -117.23147928384589]"
276,92108,6.0,"[32.77300708888523, -117.13382524515994]"
277,92109,4.0,"[32.797504890205424, -117.24342545301974]"
278,92110,4.0,"[48.90175063858607, 2.3079089463610885]"
279,92111,4.0,"[32.80106258336765, -117.1729484396476]"
280,92113,4.0,"[58.8055907753429, 22.837991568065124]"
281,92114,2.0,"[58.78598162140873, 22.782676293798648]"
282,92115,4.0,"[32.76056497610616, -117.06976964066371]"
283,92116,2.0,"[32.76332164591344, -117.12283079967976]"
284,92117,2.0,"[32.824661068149425, -117.19890465066774]"
285,92118,4.0,"[32.681668288125636, -117.17255326747406]"
286,92119,2.0,"[32.80254722689052, -117.02617007532979]"
287,92120,2.0,"[48.81737475, 2.319502357626283]"
288,92121,4.0,"[32.9000822297712, -117.19154006954736]"
289,92122,4.0,"[32.85320552784995, -117.20928695146908]"
290,92123,2.0,"[32.79833920913549, -117.13679696838938]"
291,92124,2.0,"[32.82775418580297, -117.09312482268027]"
292,92126,2.0,"[32.91688358128828, -117.1447448923068]"
293,92127,2.0,"[33.01403287517883, -117.11221326891919]"
294,92128,2.0,"[32.996724862750916, -117.0700685418492]"
295,92129,8.0,"[58.85025075510222, 22.744938888701718]"
296,92130,6.0,"[32.9462567724804, -117.211892273426]"
297,92139,2.0,"[32.6797327139222, -117.04779709338301]"
298,92154,4.0,"[32.57537086803529, -117.05480101185874]"
299,92173,2.0,"[32.55866969892402, -117.05236083594481]"
300,92201,6.0,"[48.625738370512174, 17.76857522537376]"
301,92210,8.0,"[64.6063351, 24.4093101]"
302,92211,8.0,"[59.022888030478654, 22.599813136320616]"
303,92220,2.0,"[48.79943397300981, 2.310039877519433]"
304,92223,2.0,"[59.0102311106892, 22.556103494292696]"
305,92225,2.0,"[58.89568763948671, 22.295592869292705]"
306,92227,2.0,"[58.9057328026326, 22.344197860579698]"
307,92230,2.0,"[48.92845101649791, 2.2950898106066737]"
308,92231,2.0,"[58.90042589731546, 22.328628832959428]"
309,92233,2.0,"[58.92160643153155, 22.20770967617748]"
310,92236,2.0,"[33.68056104315995, -116.1873267403646]"
311,92239,4.0,"[33.715211937953576, -115.39355741307095]"
312,92240,2.0,"[48.81889621879108, 2.3011721919867334]"
313,92241,4.0,"[58.97372319172374, 22.55227994509647]"
314,92243,2.0,"[32.78819365646838, -115.56530696674717]"
315,92249,4.0,"[49.6089193, 11.796074622823493]"
316,92250,6.0,"[48.906391635595796, 2.2443899974108987]"
317,92251,4.0,"[58.968037073229205, 22.528451092517642]"
318,92252,2.0,"[58.889559743845886, 22.50883287893923]"
319,92253,2.0,"[49.52987495, 12.025762158801339]"
320,92257,4.0,"[58.8993618224981, 22.398147395337972]"
321,92258,6.0,"[58.94576166374773, 22.311696142967595]"
322,92259,4.0,"[49.531207949999995, 11.660798118481214]"
323,92262,4.0,"[49.436214449999994, 11.608631007076795]"
324,92264,2.0,"[58.98214848062449, 22.523854044336666]"
325,92267,2.0,"[64.07687309897264, 20.02731035085337]"
326,92270,4.0,"[48.91867974915529, 2.2713003625120067]"
327,92273,8.0,"[64.3067482, 19.6241111]"
328,92274,4.0,"[49.5503102, 11.87326508600686]"
329,92276,2.0,"[48.9058016, 2.2655781]"
330,92277,4.0,"[49.310763050000006, 11.820228020451824]"
331,92278,2.0,"[49.45709165, 11.703579351296483]"
332,92280,4.0,"[49.362565000000004, 11.685952601215494]"
333,92281,4.0,"[49.607203150000004, 11.626678361239495]"
334,92282,4.0,"[34.00424578014572, -116.5757277647457]"
335,92283,2.0,"[49.370209450000004, 11.581604305040116]"
336,92285,2.0,"[49.35184614588448, 11.762548009212553]"
337,92301,2.0,"[58.96662863296282, 22.84872000939851]"
338,92304,2.0,"[55.72556190606293, 21.133557751356676]"
339,92305,4.0,"[34.16436686594901, -116.91512935879994]"
340,92307,8.0,"[34.496115622224686, -117.2527138602894]"
341,92308,4.0,"[34.482364720629626, -117.20442684569582]"
342,92309,2.0,"[49.5345235873832, 39.11368773664037]"
343,92311,2.0,"[58.954808684227665, 22.76938860768673]"
344,92314,4.0,"[58.860891077261485, 22.916132852040736]"
345,92316,4.0,"[34.068956488114, -117.39744971509874]"
346,92320,2.0,"[64.8184051, 24.758315975]"
347,92321,2.0,"[58.86097570117354, 23.005538333526857]"
348,92324,2.0,"[34.04543852903613, -117.3153759283546]"
349,92325,4.0,"[34.243429247474836, -117.28414787013956]"
350,92327,2.0,"[55.74007802936697, 21.132654709130517]"
351,92333,2.0,"[58.95651795996616, 22.899055072682128]"
352,92336,2.0,"[58.98086724782917, 22.866079646347444]"
353,92337,4.0,"[58.95220227106934, 22.928049759862333]"
354,92338,6.0,"[58.970566655895084, 22.88268636896887]"
355,92341,4.0,"[58.96282081169745, 22.827522260659315]"
356,92346,2.0,"[34.12006963721775, -117.2112245379985]"
357,92347,2.0,"[58.96407306136851, 22.914369965592684]"
358,92356,4.0,"[34.431595614598635, -116.95550273867302]"
359,92358,2.0,"[49.1595957, 11.620006416189055]"
360,92359,2.0,"[34.070054167870225, -117.12117528201298]"
361,92365,4.0,"[37.28904723119924, -118.49126764129589]"
362,92368,2.0,"[58.98671179928472, 22.74363013265237]"
363,92371,4.0,"[34.34453001464965, -117.48709917263217]"
364,92373,4.0,"[34.03900055, -117.2065776924075]"
365,92374,4.0,"[34.06584148943828, -117.16749660746913]"
366,92377,4.0,"[34.150771104481436, -117.40539305823785]"
367,92382,6.0,"[34.21131606824162, -117.11082034251493]"
368,92384,2.0,"[35.97169870659398, -116.27146253661559]"
369,92386,2.0,"[34.24329658738969, -116.82519498424114]"
370,92389,4.0,"[35.923703, -115.870235]"
371,92392,2.0,"[34.47855604369656, -117.33691432444601]"
372,92394,2.0,"[34.54909290502662, -117.3460359728806]"
373,92397,8.0,"[34.37208129085305, -117.6165696236933]"
374,92398,2.0,"[48.8951265, 2.2431652]"
375,92399,2.0,"[65.23004002524227, 16.86248054938594]"
376,92401,4.0,"[48.19423664185805, 17.732287842497357]"
377,92404,2.0,"[34.13057356478581, -117.26705634912643]"
378,92405,2.0,"[49.504757407738275, 39.57348831229212]"
379,92408,4.0,"[34.07381782620265, -117.2696413227828]"
380,92410,2.0,"[48.82464969769593, 2.18725199955635]"
381,92411,2.0,"[59.0006990797606, 22.73736287947699]"
382,92503,4.0,"[33.8861237029903, -117.44559800160052]"
383,92505,2.0,"[33.91838236799453, -117.48472124497204]"
384,92506,4.0,"[48.12554415136401, 17.652661654992357]"
385,92508,2.0,"[48.1492361, 17.6683404]"
386,92509,4.0,"[48.8753467, 2.1779492]"
387,92518,4.0,"[33.89584714107922, -117.27855151853842]"
388,92530,2.0,"[33.66609359760506, -117.35710796794527]"
389,92532,2.0,"[48.24248022294888, 17.69638289585246]"
390,92536,2.0,"[33.39020636350989, -116.71407419413265]"
391,92539,4.0,"[33.52776169881301, -116.76164972711634]"
392,92543,2.0,"[49.458812300000005, 12.2828469280472]"
393,92544,2.0,"[33.6785616005113, -116.91313116722164]"
394,92548,4.0,"[33.734397197676245, -117.1136259955587]"
395,92549,2.0,"[33.74492573683617, -116.71892206708068]"
396,92551,2.0,"[49.418157, 12.136741354886732]"
397,92555,4.0,"[48.3320408896069, 17.755008230048762]"
398,92557,4.0,"[33.95889548367093, -117.25919625864243]"
399,92563,4.0,"[33.56646632349318, -117.15812014382728]"
400,92567,2.0,"[33.771992419287294, -117.15782371664896]"
401,92570,2.0,"[33.7579185945459, -117.26361153552817]"
402,92571,2.0,"[33.801881509308934, -117.21763547156107]"
403,92582,2.0,"[33.794679271936936, -117.03578933725808]"
404,92583,2.0,"[48.08460366722951, 17.88607216546324]"
405,92586,4.0,"[33.70493843936481, -117.1966405884953]"
406,92587,2.0,"[33.68779249126594, -117.25411206735805]"
407,92590,4.0,"[33.50963467206947, -117.16867916532946]"
408,92591,4.0,"[33.528345084779474, -117.12885938426122]"
409,92592,4.0,"[33.47469998630431, -117.0814294656817]"
410,92602,2.0,"[33.73285924956655, -117.77157361835363]"
411,92606,2.0,"[33.70053663343544, -117.80241283311308]"
412,92610,4.0,"[20.19855316, -75.98656654]"
413,92612,2.0,"[33.66320781510156, -117.81376145822391]"
414,92620,4.0,"[33.70528720669639, -117.75971249262538]"
415,92624,2.0,"[33.459539635789184, -117.66538929084041]"
416,92625,6.0,"[33.60052856758133, -117.86755684417315]"
417,92626,2.0,"[33.67924443769115, -117.91241446245125]"
418,92627,4.0,"[33.64591990321686, -117.91872423546415]"
419,92629,4.0,"[33.478723469345084, -117.70178692766315]"
420,92630,4.0,"[33.641259142621124, -117.6905806903022]"
421,92646,2.0,"[33.668217923201546, -117.96788928842166]"
422,92647,2.0,"[33.71210022987788, -118.00383255245943]"
423,92648,4.0,"[33.67736629512533, -118.00332451107487]"
424,92651,2.0,"[33.53491386641533, -117.76923949378259]"
425,92655,2.0,"[49.68652265, 11.816332574248635]"
426,92657,2.0,"[33.60031135585043, -117.8309519513555]"
427,92660,2.0,"[33.63223015808834, -117.87749746052778]"
428,92661,4.0,"[33.601843961125276, -117.899504467077]"
429,92662,2.0,"[33.606518996228324, -117.89257120602065]"
430,92663,2.0,"[33.62094452159517, -117.92791103361279]"
431,92676,4.0,"[33.70189264591732, -117.66997888169564]"
432,92679,4.0,"[33.62739096557148, -117.58936323568918]"
433,92688,2.0,"[33.63472562580552, -117.60868660507519]"
434,92692,2.0,"[33.611276950046076, -117.64269942402143]"
435,92694,2.0,"[33.550319326471914, -117.63715350490787]"
436,92701,2.0,"[48.1515141788488, 17.874099504731877]"
437,92705,4.0,"[48.16574691836391, 17.89104494589467]"
438,92706,2.0,"[33.763482597888974, -117.87789046020694]"
439,92707,4.0,"[33.70828221784672, -117.87318737022945]"
440,92780,2.0,"[33.73018187204993, -117.81573388965391]"
441,92804,2.0,"[33.8184881428757, -117.97858715217754]"
442,92805,4.0,"[33.83253240968549, -117.90669964256656]"
443,92806,2.0,"[33.83797717104961, -117.87631217140415]"
444,92807,4.0,"[33.85346204301363, -117.80691252724972]"
445,92808,2.0,"[33.85231906529299, -117.74171564651272]"
446,92821,4.0,"[33.92182855837047, -117.89158665926347]"
447,92823,4.0,"[33.92666861578725, -117.82625146150413]"
448,92831,2.0,"[33.8790169150583, -117.89593925766746]"
449,92833,2.0,"[33.87556127071772, -117.96044002006403]"
450,92841,2.0,"[33.78862989356312, -117.97561054209996]"
451,92843,2.0,"[33.76367464833849, -117.93566397388675]"
452,92844,2.0,"[33.76489524091503, -117.96978903938424]"
453,92845,2.0,"[33.78340973877733, -118.02600771552089]"
454,92860,2.0,"[33.92532420923081, -117.55285086337736]"
455,92865,2.0,"[33.831038994848626, -117.84635652602456]"
456,92868,2.0,"[33.78704399895329, -117.87961420035458]"
457,92869,2.0,"[33.79210257504853, -117.80025264132563]"
458,92870,2.0,"[33.88201168812278, -117.85678937512131]"
459,92882,2.0,"[33.86415624573214, -117.59742897150637]"
460,92883,2.0,"[33.75990759983732, -117.475593184355]"
461,92886,2.0,"[33.89194978460816, -117.81379585948716]"
462,92887,4.0,"[33.878536525465805, -117.73630362157236]"
463,93001,4.0,"[57.80266000799751, 23.24448181998887]"
464,93003,4.0,"[47.993027643954214, 17.56517995579746]"
465,93010,6.0,"[47.935011410468746, 17.713681056149312]"
466,93012,2.0,"[37.073243648613655, 14.235899859426157]"
467,93013,2.0,"[37.276410063989495, 14.26518065595287]"
468,93021,4.0,"[48.04460155475626, 17.755798449512795]"
469,93022,2.0,"[34.3916357, -119.301039]"
470,93023,2.0,"[34.44492800315331, -119.24792152288353]"
471,93030,4.0,"[34.20421170614905, -119.14869267149359]"
472,93035,2.0,"[48.022933173174636, 17.512279547471792]"
473,93040,6.0,"[34.40582977151715, -118.7566598288787]"
474,93041,2.0,"[48.05497525858145, 17.341231358635472]"
475,93060,4.0,"[34.35466297437742, -119.07127619975482]"
476,93065,2.0,"[34.27541946777146, -118.77667317373962]"
477,93066,4.0,"[34.2688728, -118.9559161]"
478,93067,6.0,"[34.42212346945128, -119.59717535840335]"
479,93101,4.0,"[48.86210655, 12.221929741232927]"
480,93103,2.0,"[48.896607613401564, 38.424520095487864]"
481,93105,2.0,"[34.44180687315412, -119.73295952478716]"
482,93108,4.0,"[34.433502447590065, -119.63409782206651]"
483,93110,8.0,"[48.8757298292733, 2.4770773653649356]"
484,93201,6.0,"[58.162988562225216, 22.24754690817768]"
485,93202,4.0,"[36.3159926, -119.7087582]"
486,93204,6.0,"[35.76354442844129, -120.35309723302505]"
487,93205,6.0,"[35.611388, -118.489709]"
488,93206,4.0,"[48.92381914920473, 2.3406857284804854]"
489,93207,2.0,"[35.8807837, -118.6773107]"
490,93208,4.0,"[36.13816968671446, -118.62841207681022]"
491,93210,4.0,"[48.910125230582146, 2.360235105267282]"
492,93212,2.0,"[58.110006826053, 22.21955071036456]"
493,93215,4.0,"[58.194819124531, 22.202029313553826]"
494,93218,2.0,"[48.9167028, 2.3613921]"
495,93219,2.0,"[35.86321133850842, -119.39238283593603]"
496,93221,6.0,"[58.17827125214604, 22.21726321881696]"
497,93222,2.0,"[58.18132184985461, 22.24811158287377]"
498,93223,2.0,"[58.17624887202824, 22.185354941359314]"
499,93224,6.0,"[58.15409671543527, 22.229832226722245]"
500,93234,4.0,"[58.08709808479937, 22.17403208020463]"
501,93235,2.0,"[58.071889941436304, 22.11337929756256]"
502,93238,2.0,"[35.77050719562066, -118.42804539761966]"
503,93243,2.0,"[34.84861646801455, -118.89265178841815]"
504,93244,4.0,"[57.94351807066427, 22.09653009886961]"
505,93245,2.0,"[58.04425215399829, 22.126444039459905]"
506,93247,2.0,"[36.20829870724407, -119.08429171217412]"
507,93251,4.0,"[57.97859511153978, 22.011658511988397]"
508,93252,8.0,"[64.60551159463618, 21.199447865888843]"
509,93254,2.0,"[34.979618067366204, -119.65566827763672]"
510,93255,4.0,"[-29.6337088, 30.6756762]"
511,93257,2.0,"[36.0714386888335, -119.03542940402507]"
512,93260,2.0,"[48.8801325307065, 2.419154420698115]"
513,93261,2.0,"[58.18158173513661, 22.108273815453085]"
514,93262,2.0,"[36.609578372948924, -118.75203623014669]"
515,93263,4.0,"[35.501335343547275, -119.23605491449082]"
516,93266,2.0,"[-29.663221, 30.654531]"
517,93267,2.0,"[36.13561171716241, -119.05880473149048]"
518,93268,4.0,"[35.147684186716816, -119.46080358982678]"
519,93270,2.0,"[48.9420445680294, 2.5316756880279776]"
520,93272,8.0,"[36.05473189586534, -119.30971303274148]"
521,93274,2.0,"[36.205611950206105, -119.34505577308377]"
522,93277,4.0,"[36.31272242879153, -119.30918917980249]"
523,93280,2.0,"[65.6276346229011, 27.63706810299973]"
524,93285,2.0,"[35.70802332960881, -118.45343987960642]"
525,93287,4.0,"[-29.7241448, 30.6895171]"
526,93292,4.0,"[36.338510354196366, -119.25556525920393]"
527,93306,2.0,"[35.39482694496839, -118.91634323788168]"
528,93311,2.0,"[58.27207122726085, 21.969439372699362]"
529,93312,2.0,"[58.26050729896568, 21.995962275418407]"
530,93401,4.0,"[58.3614002567606, 22.03792842396035]"
531,93402,2.0,"[35.316536454883, -120.83063847144689]"
532,93405,2.0,"[48.20826298033465, 18.605226751812136]"
533,93426,4.0,"[35.73485457112189, -120.96814928141829]"
534,93427,4.0,"[34.61215545467183, -120.19405041908011]"
535,93429,2.0,"[34.83202, -120.540292]"
536,93434,2.0,"[34.967579492085136, -120.57242462669842]"
537,93436,4.0,"[34.68179282921721, -120.46480561136072]"
538,93437,6.0,"[49.30121975, 12.81947639812318]"
539,93440,4.0,"[48.94943373045076, 2.4185896301293477]"
540,93442,2.0,"[35.37899003133967, -120.85132380987521]"
541,93444,4.0,"[49.181492649999996, 12.871799205613751]"
542,93445,4.0,"[35.10892846986177, -120.61404108990577]"
543,93449,4.0,"[35.13794492310304, -120.63764221122003]"
544,93463,2.0,"[34.599454185998376, -120.16113693225255]"
545,93465,6.0,"[35.553469378229025, -120.71744360272342]"
546,93501,4.0,"[35.07075095662073, -118.15127176031626]"
547,93512,2.0,"[58.316106150929635, 22.270799312323412]"
548,93513,2.0,"[37.26477593854278, -118.34284470207295]"
549,93516,2.0,"[34.986215655951106, -117.59124182379009]"
550,93518,2.0,"[35.380902, -118.427534]"
551,93523,2.0,"[48.292208920064056, 18.561139365850917]"
552,93526,2.0,"[48.24421449860259, 18.53966311690633]"
553,93527,4.0,"[48.26011048252374, 18.598790953722084]"
554,93528,8.0,"[48.2841794872354, 18.54488954431761]"
555,93531,6.0,"[53.5778241, 9.9765367]"
556,93532,4.0,"[48.19720805892273, 18.518752555725502]"
557,93534,2.0,"[20.439039464999997, -97.296783935]"
558,93535,4.0,"[20.376533138888888, -97.257592]"
559,93536,4.0,"[20.371024066666664, -97.28919887777778]"
560,93541,2.0,"[20.221448766666665, -97.2986355]"
561,93545,2.0,"[36.581688940075416, -118.02135935167975]"
562,93549,2.0,"[36.312549, -117.865729]"
563,93550,2.0,"[34.574250429163456, -118.09900177524167]"
564,93551,2.0,"[34.53689201047444, -118.2843500383305]"
565,93552,2.0,"[34.57212408283304, -118.05043111256353]"
566,93553,6.0,"[-3.4982684, 120.8873543]"
567,93554,2.0,"[35.33122682884144, -117.61907706549205]"
568,93555,4.0,"[35.62449950441568, -117.67085178216031]"
569,93560,2.0,"[34.8664084115083, -118.17071726093195]"
570,93561,2.0,"[48.8761315, 2.4756978]"
571,93562,4.0,"[35.783605380719294, -117.36905758039525]"
572,93563,2.0,"[-4.413893215813649, 121.52173092549062]"
573,93591,6.0,"[34.61084777097165, -117.82707011227457]"
574,93601,2.0,"[48.07348429749137, 18.94946545809939]"
575,93603,2.0,"[36.61692484235994, -119.00068758082483]"
576,93604,2.0,"[37.3201281, -119.55660926666667]"
577,93605,2.0,"[37.179629, -119.288743]"
578,93606,6.0,"[36.799606, -120.019539]"
579,93608,2.0,"[36.528589, -120.322923]"
580,93612,4.0,"[48.8981814, 39.3170684]"
581,93615,2.0,"[58.446957378110504, 22.25030498468867]"
582,93618,6.0,"[36.542330718225344, -119.39250229634166]"
583,93621,2.0,"[58.47227315262049, 22.36816336363102]"
584,93624,4.0,"[48.8071082, 39.60248045]"
585,93625,2.0,"[36.63099006561596, -119.67068103694734]"
586,93626,2.0,"[36.991227583369664, -119.71907259992481]"
587,93627,2.0,"[36.53334182766938, -120.09959584498904]"
588,93628,4.0,"[36.78467285, -118.91731032499999]"
589,93630,2.0,"[35.108171336736106, -118.8059284001167]"
590,93631,2.0,"[58.57231599533834, 22.424272059385938]"
591,93637,2.0,"[36.96877754114056, -120.07998159029792]"
592,93638,4.0,"[36.986756000109885, -120.07420406519282]"
593,93640,2.0,"[36.74604815091882, -120.36281821741595]"
594,93641,2.0,"[58.44208984772093, 22.209778743313638]"
595,93643,2.0,"[58.51384166644316, 22.44125772052549]"
596,93644,2.0,"[37.33712165153734, -119.65280817846721]"
597,93647,4.0,"[36.54497784097753, -119.28817393503478]"
598,93648,2.0,"[36.6183, -119.521296]"
599,93650,2.0,"[19.95992367548049, -97.21516190377193]"
600,93651,2.0,"[48.6518823, 39.5350162]"
601,93656,2.0,"[36.49166056825121, -119.98863589428127]"
602,93657,2.0,"[36.72875991491687, -119.52362411881707]"
603,93660,2.0,"[36.61002039633041, -120.1893558167529]"
604,93662,4.0,"[36.56692389564734, -119.60224211255614]"
605,93664,4.0,"[37.10305387332117, -119.31846818414641]"
606,93665,6.0,"[36.957132, -120.650573]"
607,93667,2.0,"[37.04436915095598, -119.472848658253]"
608,93668,4.0,"[36.64502794637136, -120.25231622227503]"
609,93673,2.0,"[-4.8019493, 122.9829955]"
610,93675,4.0,"[36.72654823275879, -119.1575510373867]"
611,93702,6.0,"[36.73025599988449, -119.76050526679118]"
612,93703,2.0,"[36.7722007003268, -119.76697787460135]"
613,93705,2.0,"[36.78813898853919, -119.83719292899173]"
614,93706,4.0,"[36.7784027980052, -119.93655982130566]"
615,93711,8.0,"[36.82001190386137, -119.83165389488381]"
616,93720,2.0,"[36.85101632432928, -119.7669286636949]"
617,93721,2.0,"[58.33336154834416, 22.422932287015453]"
618,93722,2.0,"[58.32940104589403, 22.476546780499977]"
619,93726,2.0,"[36.78848452807871, -119.77119045509625]"
620,93901,4.0,"[36.66796950901692, -121.64539448027712]"
621,93906,2.0,"[36.7205270617154, -121.64056441273888]"
622,93908,2.0,"[36.573493461442716, -121.72336132306849]"
623,93920,2.0,"[36.164082229872186, -121.6992067149627]"
624,93921,2.0,"[36.55328585162122, -121.92323226581392]"
625,93923,2.0,"[36.5449761, -121.91630015193601]"
626,93924,2.0,"[36.431717323087845, -121.67662548484981]"
627,93925,2.0,"[36.594686, -121.414896]"
628,93927,2.0,"[36.3168597, -121.2406274]"
629,93928,4.0,"[36.004905636601165, -121.19013966285677]"
630,93930,2.0,"[36.204122548489536, -121.12616426620579]"
631,93932,4.0,"[35.98618, -121.221272]"
632,93933,6.0,"[36.67208553365656, -121.7842653393816]"
633,93950,2.0,"[36.618936930953325, -121.92113077144141]"
634,93953,2.0,"[36.57980691303808, -121.9392082349854]"
635,93954,4.0,"[36.129982078606396, -121.01620800302742]"
636,93955,4.0,"[36.61331336435732, -121.83586821930083]"
637,94002,2.0,"[47.98820588805308, 18.173640767925598]"
638,94005,2.0,"[37.68663598215595, -122.4040612637656]"
639,94010,4.0,"[48.79175887493591, 2.4513007927916117]"
640,94014,8.0,"[37.68711694131092, -122.4605131976415]"
641,94015,2.0,"[37.69195269812806, -122.47742243960614]"
642,94019,2.0,"[37.4649179046522, -122.43652242962135]"
643,94021,4.0,"[14.8680565, 120.23455628143947]"
644,94024,2.0,"[37.35732992607785, -122.08750206939513]"
645,94027,4.0,"[37.45867082905502, -122.21085390195736]"
646,94028,2.0,"[37.398620502116934, -122.19531989731242]"
647,94030,2.0,"[37.60163225144639, -122.39309436372774]"
648,94040,4.0,"[37.39095150358301, -122.0929022067989]"
649,94043,4.0,"[37.406881135195945, -122.08894106068962]"
650,94060,2.0,"[37.24474026134403, -122.3780438878804]"
651,94061,2.0,"[37.46764808166625, -122.22140147666066]"
652,94062,2.0,"[47.98681226423403, 18.16238204655102]"
653,94063,2.0,"[37.48577121537991, -122.22524892750957]"
654,94066,2.0,"[47.99917976968906, 18.185022564104145]"
655,94080,4.0,"[37.65473618535686, -122.41468249503043]"
656,94086,2.0,"[37.37534185247668, -122.03339061102048]"
657,94089,2.0,"[37.406483931139704, -122.01541443344954]"
658,94102,2.0,"[37.77947148966085, -122.41822778226701]"
659,94104,4.0,"[48.7286732, 13.387421363681083]"
660,94105,4.0,"[37.788572212106374, -122.39715602893642]"
661,94107,2.0,"[48.5746136, 13.67946766519835]"
662,94108,4.0,"[37.79107415733852, -122.40655903011358]"
663,94109,2.0,"[37.79407659156322, -122.42051524485348]"
664,94110,2.0,"[48.80696175, 2.335710343027547]"
665,94112,2.0,"[58.309156929953765, 22.792736220787777]"
666,94114,6.0,"[58.32876960551617, 22.68192020472621]"
667,94115,2.0,"[58.28466336229752, 22.775733659889813]"
668,94117,4.0,"[37.7734131, -122.451965454304]"
669,94121,2.0,"[48.623220599999996, 13.481226822758753]"
670,94122,4.0,"[58.31575536908406, 22.687379649149875]"
671,94123,4.0,"[37.798944466029646, -122.43014497323543]"
672,94127,4.0,"[37.73961197399032, -122.46527706780526]"
673,94129,2.0,"[58.23106434125715, 22.726237447016388]"
674,94130,6.0,"[48.5702019, 13.606800144073958]"
675,94131,2.0,"[37.75044925048725, -122.45142634589854]"
676,94132,4.0,"[37.724961563824664, -122.48031754292536]"
677,94303,2.0,"[37.439547344578045, -122.11910272593514]"
678,94304,4.0,"[37.423719194256904, -122.16034320564724]"
679,94306,2.0,"[37.424640809576196, -122.14061074311975]"
680,94401,2.0,"[37.564625918122324, -122.32105379326994]"
681,94402,6.0,"[37.553094679182564, -122.31348556472027]"
682,94403,2.0,"[37.53948184491569, -122.29852819261825]"
683,94508,2.0,"[38.57039073333333, -122.43507783333332]"
684,94509,4.0,"[38.0000078625652, -121.8121387987917]"
685,94512,2.0,"[58.50945761679503, 23.025208291106548]"
686,94514,6.0,"[37.861841770321924, -121.62666558649356]"
687,94515,2.0,"[38.57823907325327, -122.57729245726595]"
688,94517,2.0,"[58.512916105493396, 23.041828464338504]"
689,94519,2.0,"[37.94221721605575, -122.03216987543094]"
690,94520,6.0,"[48.70042929917871, 2.546774016927752]"
691,94521,4.0,"[37.959038363277905, -121.98635582147949]"
692,94523,2.0,"[37.954084670688175, -122.06839964318466]"
693,94525,4.0,"[38.05701635186526, -122.22120574562952]"
694,94526,2.0,"[37.815175390271556, -121.99141130104981]"
695,94533,4.0,"[48.701267650000005, 12.92715875669457]"
696,94535,4.0,"[48.71107955, 13.255368114359772]"
697,94538,4.0,"[48.715005399999995, 13.320015875272492]"
698,94539,6.0,"[48.9118372, 12.98412555303545]"
699,94541,2.0,"[48.803620300000006, 13.164852287805473]"
700,94542,2.0,"[48.50153445, 13.140984792425495]"
701,94544,2.0,"[48.678596049999996, 13.168559475044262]"
702,94545,4.0,"[48.86215095, 13.519758301653136]"
703,94546,2.0,"[37.70595335437062, -122.08785766673105]"
704,94549,2.0,"[37.90675507934998, -122.11476500279609]"
705,94550,2.0,"[48.76845355918888, 2.352716653787011]"
706,94553,4.0,"[48.850842549999996, 12.821276422737117]"
707,94555,4.0,"[37.55970807804573, -122.04764831948822]"
708,94556,4.0,"[48.9107024, 13.476302450376089]"
709,94558,4.0,"[38.31828823349787, -122.27761951343528]"
710,94559,2.0,"[48.8689641, 12.779900774834651]"
711,94561,2.0,"[37.98505011662607, -121.70942949123098]"
712,94563,2.0,"[37.88444365, -122.19194104266482]"
713,94564,4.0,"[37.99592148065461, -122.28982577236229]"
714,94565,2.0,"[38.01847449021669, -121.8864521753062]"
715,94566,2.0,"[37.681359501917996, -121.87813920144002]"
716,94567,6.0,"[38.6156085, -122.4288596]"
717,94568,4.0,"[37.7189884591179, -121.85803147825956]"
718,94569,4.0,"[38.046425532704546, -122.18364846608253]"
719,94571,2.0,"[38.1554273506391, -121.6926307117095]"
720,94572,4.0,"[38.02888006598651, -122.26373231022257]"
721,94574,4.0,"[38.50539488557515, -122.45661982991285]"
722,94576,4.0,"[38.412741499999996, -122.44641955]"
723,94579,2.0,"[37.69280534945441, -122.14881103128415]"
724,94580,2.0,"[37.71242648140418, -122.15922873343467]"
725,94583,2.0,"[37.76188190436391, -121.95769924960503]"
726,94586,2.0,"[37.575077283333336, -121.87147415]"
727,94587,4.0,"[37.59052230947774, -122.04552067642858]"
728,94588,4.0,"[37.69265918158084, -121.88673815270845]"
729,94589,2.0,"[38.13209995856388, -122.25149013964408]"
730,94590,4.0,"[38.108208089084194, -122.25418748062474]"
731,94595,2.0,"[37.88458494655691, -122.07033142241639]"
732,94596,4.0,"[37.901126086647146, -122.06056965327808]"
733,94598,2.0,"[37.92514080389918, -122.021155724504]"
734,94601,6.0,"[47.819090103010296, 18.037910239702764]"
735,94602,4.0,"[47.82247201355733, 17.98274503761655]"
736,94603,2.0,"[47.89669639688153, 17.968362476104883]"
737,94606,2.0,"[37.79944077249405, -122.24923919430891]"
738,94607,2.0,"[37.79887674035034, -122.27610179897214]"
739,94608,4.0,"[37.836304597840495, -122.28405992065638]"
740,94609,2.0,"[37.83335449618218, -122.26410035391463]"
741,94611,4.0,"[37.823911260317765, -122.23221636742635]"
742,94618,2.0,"[37.84004020759129, -122.23567913527022]"
743,94619,2.0,"[47.7483552, 17.8197196]"
744,94703,4.0,"[37.861625153371506, -122.27378828384066]"
745,94704,4.0,"[37.86951816385462, -122.26664413688633]"
746,94705,2.0,"[37.85560888844006, -122.26082781799535]"
747,94706,4.0,"[37.90638302019771, -122.05993018066556]"
748,94707,2.0,"[37.89539147735545, -122.28205327115519]"
749,94708,2.0,"[37.88393062612561, -122.25700162418262]"
750,94709,2.0,"[37.87749002471752, -122.26643195581705]"
751,94710,2.0,"[37.87192579649497, -122.29289045748463]"
752,94801,2.0,"[37.93962775942948, -122.37277963717045]"
753,94803,2.0,"[37.97885178824911, -122.30149928676659]"
754,94804,2.0,"[37.91842222744142, -122.33889153809821]"
755,94805,4.0,"[48.79507498381822, 2.348393142212216]"
756,94806,2.0,"[37.961591930764676, -122.33289253249282]"
757,94901,4.0,"[48.31625910637345, 18.08272853633065]"
758,94903,4.0,"[37.9990989355766, -122.53537015038307]"
759,94904,2.0,"[37.95636045986155, -122.54067761103713]"
760,94923,2.0,"[38.314980094164945, -123.02387189577283]"
761,94924,2.0,"[37.911941585944774, -122.69414472433964]"
762,94925,2.0,"[37.92743456244318, -122.5202273958427]"
763,94928,2.0,"[38.340397379949685, -122.68942015336404]"
764,94931,4.0,"[38.32636224643824, -122.7013156802406]"
765,94933,2.0,"[38.0151353, -122.6896459]"
766,94937,2.0,"[38.10064828508384, -122.89486422079536]"
767,94939,4.0,"[37.9410098404426, -122.52544639996788]"
768,94940,4.0,"[38.1532099, -122.88576315]"
769,94941,2.0,"[37.9003842298215, -122.5362061046677]"
770,94945,6.0,"[38.10692124645017, -122.5596303326083]"
771,94946,2.0,"[38.037273, -122.702092]"
772,94947,2.0,"[38.09979228482261, -122.57751067250126]"
773,94949,4.0,"[38.07005400514403, -122.53308878882973]"
774,94950,2.0,"[38.042137, -122.773596]"
775,94956,2.0,"[38.06788283616935, -122.80462082652696]"
776,94960,4.0,"[37.982897148945455, -122.56620411880748]"
777,94965,6.0,"[37.860786166925955, -122.49553984624212]"
778,94970,2.0,"[67.59714864190578, 24.13792094861658]"
779,94971,2.0,"[38.24539461560346, -122.90545162193985]"
780,94972,2.0,"[38.317778719597264, -122.92447676132915]"
781,94973,2.0,"[-2.7038466, 121.99462496833013]"
782,95002,2.0,"[37.42663867620238, -121.97024579463807]"
783,95003,2.0,"[49.0383927, 2.0813464]"
784,95004,2.0,"[36.98020063997559, -121.69969478055256]"
785,95005,2.0,"[37.080355203587196, -122.089209333833]"
786,95006,8.0,"[37.127225797761405, -122.12425588629719]"
787,95008,2.0,"[37.281311312660186, -121.96351262801429]"
788,95010,2.0,"[36.97655628181523, -121.9615058866247]"
789,95014,4.0,"[49.0354532358661, 2.0794613311435297]"
790,95017,4.0,"[37.01126914330589, -122.19445529114111]"
791,95018,2.0,"[37.71385823655197, 15.19929497207509]"
792,95019,2.0,"[36.93772632762242, -121.77391059239373]"
793,95020,2.0,"[37.01105492381758, -121.57298943485934]"
794,95023,2.0,"[36.82562647395284, -121.36580881826167]"
795,95030,4.0,"[37.2227673543255, -121.97299969142576]"
796,95032,4.0,"[50.289403449999995, 11.899674828146006]"
797,95035,2.0,"[37.42979231430999, -121.90432275125539]"
798,95037,4.0,"[37.14140930223972, -121.66558329809264]"
799,95039,2.0,"[36.810363761651864, -121.78547311149839]"
800,95045,2.0,"[36.84332197332611, -121.53781165173842]"
801,95046,2.0,"[37.084386138365815, -121.60570966641066]"
802,95050,4.0,"[48.31039376876788, 18.09443014032889]"
803,95054,2.0,"[37.39579447240718, -121.96240942758095]"
804,95060,4.0,"[36.97125802114572, -122.0348373657821]"
805,95062,2.0,"[36.97368463290886, -122.00291369871229]"
806,95065,2.0,"[37.007707752856206, -121.98685005235808]"
807,95076,2.0,"[36.93097942413398, -121.76475563672425]"
808,95110,4.0,"[48.97213360756514, 2.2540576207214142]"
809,95111,2.0,"[50.24576195, 12.041734554219914]"
810,95112,2.0,"[55.67312833728778, 21.204204082061516]"
811,95113,2.0,"[37.33492713942095, -121.88907748327439]"
812,95116,4.0,"[37.350396547772796, -121.85220896029301]"
813,95117,2.0,"[37.31946671810242, -121.96263175507562]"
814,95120,2.0,"[48.9873354248142, 2.2590114248962596]"
815,95121,4.0,"[37.47067482136653, 15.06372923332582]"
816,95123,2.0,"[37.243707623801335, -121.83192029067068]"
817,95125,2.0,"[37.29807883745449, -121.89232547745824]"
818,95126,2.0,"[37.32486004575423, -121.91545129687562]"
819,95127,6.0,"[37.36656904227542, -121.82191083849324]"
820,95128,2.0,"[37.51944255555556, 15.086285300000002]"
821,95129,4.0,"[37.322133300000004, -121.98503259140445]"
822,95130,2.0,"[48.99383991720818, 2.230133665437897]"
823,95131,2.0,"[37.38547020268258, -121.88364980982374]"
824,95132,2.0,"[37.59392, 14.98147]"
825,95134,2.0,"[48.31184320697732, 17.866726511879875]"
826,95135,6.0,"[37.30125528967358, -121.76348950090801]"
827,95136,2.0,"[37.268160320295, -121.85768497675521]"
828,95139,2.0,"[37.224862397953395, -121.77189439800486]"
829,95202,4.0,"[37.95514468209411, -121.2879409266372]"
830,95204,2.0,"[37.97495301714883, -121.31651637880806]"
831,95206,2.0,"[37.930896581244376, -121.2744701817604]"
832,95207,2.0,"[37.9881943973381, -121.3321971062528]"
833,95209,6.0,"[38.031308657182414, -121.35842254162216]"
834,95210,2.0,"[48.968289892125334, 2.284585954269451]"
835,95212,4.0,"[38.025445402747664, -121.27190109930461]"
836,95219,2.0,"[37.99268713934602, -121.35544640657302]"
837,95220,6.0,"[49.00832919428299, 2.157014675781577]"
838,95222,4.0,"[38.07294091898301, -120.56359581737233]"
839,95223,2.0,"[38.25725159604495, -120.32871259221051]"
840,95224,2.0,"[55.66284785408722, 21.195779632157645]"
841,95226,2.0,"[38.22203749968051, -120.85762627091107]"
842,95227,2.0,"[38.22492805000001, -121.02423990000001]"
843,95231,2.0,"[65.8587243, 23.1765332]"
844,95232,4.0,"[38.35256728647813, -120.57505004837641]"
845,95233,4.0,"[50.24000495, 11.686366863215081]"
846,95236,2.0,"[50.148161200000004, 11.71813073879512]"
847,95237,2.0,"[38.15850967640428, -121.15282006320795]"
848,95240,4.0,"[48.96142498167963, 2.197585908957846]"
849,95242,2.0,"[22.03773960645921, 121.56800645952775]"
850,95246,2.0,"[38.22997954857564, -120.51492620197386]"
851,95247,2.0,"[38.14351340250314, -120.44062768584193]"
852,95250,4.0,"[49.01429938927896, 2.185003839970553]"
853,95251,4.0,"[38.10462844434458, -120.46415119039345]"
854,95252,2.0,"[48.99894338373589, 2.2216036818944396]"
855,95254,2.0,"[38.19497940486593, -120.96413029630014]"
856,95255,2.0,"[38.40350522113894, -120.51754143650263]"
857,95258,2.0,"[38.16020232904852, -121.30032657661008]"
858,95301,4.0,"[48.38653110498966, 18.39298620788729]"
859,95303,2.0,"[37.45173150056383, -120.69012909523813]"
860,95305,4.0,"[48.34946650410154, 18.416816263881426]"
861,95306,2.0,"[37.41292928749198, -120.09995939771184]"
862,95310,4.0,"[49.04641171771888, 2.11849056616418]"
863,95313,2.0,"[37.49317933070839, -120.99429039534301]"
864,95315,6.0,"[37.42613383107234, -120.77932913901054]"
865,95316,2.0,"[37.516749399999995, -120.7319556888889]"
866,95321,2.0,"[37.84881862734523, -120.19616050572591]"
867,95322,2.0,"[65.83686877894932, 24.134022440655492]"
868,95323,4.0,"[37.60961239940631, -120.66264207690982]"
869,95326,4.0,"[50.123616, 11.444165150648116]"
870,95327,2.0,"[37.93531342454095, -120.43314334465684]"
871,95329,2.0,"[37.696019156534746, -120.35208233162788]"
872,95330,4.0,"[48.38151367548996, 18.398215933410544]"
873,95334,2.0,"[37.38051570418817, -120.72253850843902]"
874,95335,2.0,"[65.86236713643846, 24.12033506584269]"
875,95338,4.0,"[37.48675117879052, -119.96148097467429]"
876,95346,2.0,"[50.18006315, 11.514904557100085]"
877,95348,4.0,"[37.33044138186361, -120.4937677825236]"
878,95350,6.0,"[49.00089256733516, 2.3563041120247603]"
879,95351,2.0,"[37.63039824496933, -121.01282721871397]"
880,95354,2.0,"[37.63865233177383, -120.98049149975135]"
881,95355,4.0,"[37.67134089167574, -120.9487721566173]"
882,95356,4.0,"[37.698402073299626, -121.01493949995486]"
883,95357,2.0,"[37.66492809930698, -120.90897562098486]"
884,95358,4.0,"[37.60330965, -120.9895409]"
885,95360,2.0,"[48.975716867946105, 2.3572617199062047]"
886,95361,4.0,"[37.773438640105894, -120.84348001004096]"
887,95363,2.0,"[37.457907794185004, -121.15933715074729]"
888,95364,4.0,"[50.1234501, 11.566109793973853]"
889,95365,4.0,"[37.29243970248725, -120.31665112255163]"
890,95367,8.0,"[50.0691899, 11.545369278191963]"
891,95368,2.0,"[37.70339047648932, -121.08061274878162]"
892,95369,4.0,"[37.51426138122444, -120.46255010664551]"
893,95372,4.0,"[37.993243839044766, -120.26209227857875]"
894,95374,2.0,"[37.32619858755242, -120.86948620740228]"
895,95379,2.0,"[37.97212529498636, -120.2368232997165]"
896,95380,2.0,"[49.04036760036367, 2.509821328067006]"
897,95382,4.0,"[37.520834428464624, -120.85284517402047]"
898,95385,4.0,"[65.8276572, 24.1075422]"
899,95386,4.0,"[37.649061516584595, -120.752774990143]"
900,95387,4.0,"[37.542747389966394, -121.23229130616718]"
901,95388,2.0,"[37.39182309611576, -120.61385414057382]"
902,95389,4.0,"[37.73063343005433, -119.60189611020378]"
903,95401,4.0,"[38.447686565519135, -122.74826124842879]"
904,95403,2.0,"[38.47104934793694, -122.7458372605868]"
905,95404,4.0,"[38.45292871719345, -122.71011802955593]"
906,95405,4.0,"[38.44734101607058, -122.67349089987354]"
907,95407,4.0,"[38.416303172992414, -122.72979540350369]"
908,95409,4.0,"[38.4479948700012, -122.6273287042923]"
909,95412,2.0,"[55.64765090677113, 21.29873028220973]"
910,95417,4.0,"[1.3389367117566395, 124.83131332145535]"
911,95420,4.0,"[65.83996109716212, 24.180382992683395]"
912,95422,4.0,"[38.94612819817472, -122.62754678094109]"
913,95423,4.0,"[39.025565739329636, -122.66679423924182]"
914,95425,2.0,"[38.78724329322081, -123.0049308101076]"
915,95426,2.0,"[38.85088123884708, -122.73812951152203]"
916,95427,6.0,"[37.8852851, -120.5951105]"
917,95428,2.0,"[39.78390595, -123.25145947499999]"
918,95431,8.0,"[65.64116945988602, 22.015687094725614]"
919,95432,2.0,"[65.63317905047506, 22.02433478281028]"
920,95439,4.0,"[18.5257548, -72.3386496]"
921,95442,2.0,"[65.65681301264728, 21.935633526955662]"
922,95444,2.0,"[49.943874982393275, 11.576443545530461]"
923,95445,2.0,"[49.95080512970968, 11.558371775866208]"
924,95446,2.0,"[38.50477622611813, -122.98953414053288]"
925,95448,2.0,"[49.941584699035005, 11.605538851526575]"
926,95449,2.0,"[38.78799890286032, -122.99269062141488]"
927,95450,2.0,"[65.81962777966878, 24.173902567808145]"
928,95453,2.0,"[39.040787806576695, -122.91632921364703]"
929,95454,2.0,"[39.68511480367495, -123.48011988158245]"
930,95458,2.0,"[39.065564, -122.787559]"
931,95460,4.0,"[65.8467004142277, 24.219818603457014]"
932,95463,2.0,"[49.998910550000005, 11.591329909405946]"
933,95464,4.0,"[18.537771, -72.3180146]"
934,95466,2.0,"[39.10395681905374, -123.4785276028452]"
935,95468,2.0,"[38.913227334593856, -123.70454177691981]"
936,95470,2.0,"[49.0927385180149, 2.5495446398854007]"
937,95471,2.0,"[18.5171588, -72.2853614653487]"
938,95476,2.0,"[38.290377412563096, -122.46397456581288]"
939,95482,2.0,"[39.15324876929267, -123.20734815432627]"
940,95488,2.0,"[39.6638309, -123.78545975]"
941,95493,2.0,"[50.06425585, 11.8084324250021]"
942,95494,2.0,"[38.83334497002736, -123.22307519319168]"
943,95497,4.0,"[38.69011555341588, -123.42821237797443]"
944,95501,2.0,"[48.564539456253854, 18.172505301870054]"
945,95503,2.0,"[40.78532640004138, -124.14204812271373]"
946,95511,2.0,"[49.9119569, 11.506654255917312]"
947,95519,4.0,"[40.94312968358254, -124.10368105677101]"
948,95524,4.0,"[40.8370030433873, -124.05302196226756]"
949,95525,4.0,"[40.88048079994038, -123.9927110294519]"
950,95526,6.0,"[40.48788376836932, -123.66532807381797]"
951,95527,2.0,"[40.786087, -123.414854]"
952,95531,4.0,"[65.85520377415583, 22.289700288943624]"
953,95536,2.0,"[40.379433358830944, -124.28118408965597]"
954,95537,2.0,"[40.729148, -124.216676]"
955,95542,2.0,"[40.069540749815125, -123.78955416386478]"
956,95543,2.0,"[41.900845543612384, -123.8030033924415]"
957,95545,2.0,"[40.310759, -124.091007]"
958,95546,2.0,"[40.59258366689738, -124.14605467715957]"
959,95547,4.0,"[40.550563, -124.086217]"
960,95548,2.0,"[41.52869849706937, -124.0398692287003]"
961,95550,2.0,"[49.034975287224654, 2.21386596994889]"
962,95551,2.0,"[40.73203886612297, -124.24807490270743]"
963,95553,6.0,"[40.217632, -123.865505]"
964,95554,2.0,"[40.2681955, -123.8750684]"
965,95558,2.0,"[40.322134588589336, -124.28624595010582]"
966,95560,2.0,"[-29.329774, -49.7301624]"
967,95562,6.0,"[40.50055137380942, -124.10729202322082]"
968,95563,2.0,"[40.830617, -123.588459]"
969,95564,2.0,"[40.77867689976638, -124.21208467957851]"
970,95567,8.0,"[41.97064022440482, -124.20413636499578]"
971,95568,2.0,"[19.767277, -72.216277]"
972,95570,4.0,"[49.04349618547651, 2.313784023115497]"
973,95587,2.0,"[39.916534, -123.708228]"
974,95589,4.0,"[40.08067298637713, -124.10243955896809]"
975,95595,2.0,"[40.205284831111314, -123.49162722300788]"
976,95601,6.0,"[38.41885959937354, -120.82441897065995]"
977,95602,4.0,"[38.98798143400847, -121.08517100529055]"
978,95605,2.0,"[48.54893350675896, 17.93645973722107]"
979,95606,2.0,"[48.525598659372385, 17.896531953442878]"
980,95608,4.0,"[38.63264006289883, -121.33023134626599]"
981,95610,2.0,"[49.0207570802551, 2.1039060018150186]"
982,95612,4.0,"[48.456738160579185, 18.098594852605263]"
983,95614,2.0,"[18.6430868, -74.116674]"
984,95616,4.0,"[38.54757702095062, -121.73919726046026]"
985,95618,4.0,"[38.544779307628694, -121.70958610642057]"
986,95619,4.0,"[38.69408614095751, -120.81656523833634]"
987,95620,2.0,"[38.464051488353064, -121.83068836823064]"
988,95623,2.0,"[38.6785424, -120.8404341]"
989,95624,4.0,"[38.43310140192823, -121.38779629583043]"
990,95625,4.0,"[19.9416868, -72.8307575]"
991,95626,4.0,"[38.70968089202772, -121.40781706384004]"
992,95628,4.0,"[38.64948946920248, -121.27080641990824]"
993,95630,4.0,"[49.077314700163775, 2.20846322656435]"
994,95632,2.0,"[66.3433716, 22.8449515]"
995,95633,4.0,"[48.6100725, 18.2738639]"
996,95635,4.0,"[38.918432, -120.903777]"
997,95636,6.0,"[38.667086, -120.50419]"
998,95637,4.0,"[38.846267, -122.201505]"
999,95638,2.0,"[48.690722995795475, 18.145940320785325]"
1000,95639,2.0,"[38.36736908611645, -121.51605304683848]"
1001,95641,2.0,"[38.164247, -121.597474]"
1002,95642,6.0,"[38.358780209863426, -120.78888354996715]"
1003,95645,2.0,"[38.7992834, -121.71989350000001]"
1004,95646,2.0,"[38.7084344458442, -120.03942215117135]"
1005,95650,2.0,"[49.07429557039842, 2.023894644860528]"
1006,95651,4.0,"[23.048046054128285, 121.16063641187178]"
1007,95653,2.0,"[38.68145094285466, -121.96772004623972]"
1008,95655,4.0,"[38.56535394748541, -121.29876981720469]"
1009,95658,2.0,"[38.88325648476701, -121.13305621999355]"
1010,95659,2.0,"[38.87363626692259, -121.55027922840536]"
1011,95661,2.0,"[38.74015632249885, -121.25672900405104]"
1012,95662,6.0,"[38.67878863229052, -121.20895609705329]"
1013,95663,2.0,"[38.8349147039015, -121.16883779449576]"
1014,95664,2.0,"[23.099714019356497, 121.1769835583449]"
1015,95665,2.0,"[38.41290416201369, -120.66126073800251]"
1016,95666,2.0,"[49.9403813, 12.269067945664055]"
1017,95668,4.0,"[38.839773358951334, -121.55214846193901]"
1018,95669,4.0,"[38.48192422659887, -120.88342794328926]"
1019,95670,2.0,"[49.08359530217221, 2.506065094569475]"
1020,95672,2.0,"[38.70742339376554, -120.9792584189354]"
1021,95673,2.0,"[38.684238525, -121.44781005000002]"
1022,95674,2.0,"[18.576111, -72.278888]"
1023,95678,4.0,"[38.74585038624416, -121.31287597389392]"
1024,95681,2.0,"[38.98014606907765, -121.37595975122731]"
1025,95683,4.0,"[38.50121389012831, -121.10492781229297]"
1026,95685,2.0,"[49.85321675, 12.228349589020997]"
1027,95686,4.0,"[49.996122, 11.865141110128452]"
1028,95688,2.0,"[38.36080815597232, -121.98249998425679]"
1029,95690,4.0,"[49.13728877551394, 2.14476992703088]"
1030,95692,6.0,"[66.65743507553493, 22.712494006698964]"
1031,95693,2.0,"[38.398772, -121.254699]"
1032,95694,4.0,"[38.540198105202, -121.96724155941892]"
1033,95695,2.0,"[38.6825632163125, -121.78882036043765]"
1034,95703,2.0,"[48.7377247, 18.2290787]"
1035,95709,2.0,"[50.02686195, 11.906532615375188]"
1036,95713,2.0,"[39.06668509790464, -120.96432413056822]"
1037,95714,4.0,"[39.20673696520791, -120.8384839413585]"
1038,95715,2.0,"[39.30000072307373, -120.6590787186173]"
1039,95720,2.0,"[49.04468983194826, 2.4071963780056307]"
1040,95721,2.0,"[38.827432900000005, -120.0337872]"
1041,95722,4.0,"[38.9986454430183, -121.04200785342498]"
1042,95726,2.0,"[38.7448454661729, -120.58236633515396]"
1043,95728,4.0,"[39.31578185011605, -120.4282223170851]"
1044,95736,2.0,"[39.04019605, -120.97485945]"
1045,95742,4.0,"[38.571113404240904, -121.23939360784703]"
1046,95746,2.0,"[38.73916308925897, -121.19255503301113]"
1047,95758,4.0,"[38.42490653414678, -121.42767612605678]"
1048,95776,4.0,"[38.68244696388224, -121.71263774805115]"
1049,95814,2.0,"[38.57876292240456, -121.49446138919767]"
1050,95815,4.0,"[38.6020413448921, -121.44642002911574]"
1051,95817,2.0,"[38.55152870708203, -121.45868617396627]"
1052,95818,2.0,"[38.56209906707558, -121.49245408735821]"
1053,95819,2.0,"[38.560182929330935, -121.4342569482295]"
1054,95820,2.0,"[49.157742081596325, 2.3252293272188083]"
1055,95821,2.0,"[38.61930507318524, -121.39169192643617]"
1056,95823,2.0,"[38.4736311854473, -121.43213445124987]"
1057,95824,2.0,"[38.512749432037445, -121.43870101005902]"
1058,95825,2.0,"[38.59306371983203, -121.40756550839845]"
1059,95826,2.0,"[38.54431441615345, -121.37642202124304]"
1060,95827,2.0,"[38.55928829982384, -121.3325658198752]"
1061,95828,4.0,"[38.497616654350615, -121.40336740972093]"
1062,95829,2.0,"[38.46497534755229, -121.3640381560759]"
1063,95831,4.0,"[38.49225458487249, -121.52561100050369]"
1064,95835,4.0,"[38.66328728625732, -121.53234731571158]"
1065,95837,2.0,"[38.678236850000005, -121.59004435]"
1066,95838,6.0,"[38.63831902072049, -121.44780340069525]"
1067,95842,2.0,"[38.69422689726697, -121.33702016978236]"
1068,95843,4.0,"[38.714880344988444, -121.3705165876406]"
1069,95864,2.0,"[38.5831354915769, -121.37973819667732]"
1070,95903,2.0,"[39.11248039376481, -121.39337042799764]"
1071,95912,2.0,"[39.01998965782708, -122.05610762425754]"
1072,95914,4.0,"[39.411976, -121.372915]"
1073,95918,2.0,"[39.24570607829287, -121.38237647655414]"
1074,95919,2.0,"[39.423716, -121.282776]"
1075,95920,2.0,"[39.460376, -121.936819]"
1076,95922,2.0,"[39.48126, -120.948656]"
1077,95923,4.0,"[14.86142755, 120.24925235]"
1078,95925,4.0,"[23.9663466, 120.9647522]"
1079,95926,2.0,"[39.73635513382662, -121.85728717917762]"
1080,95928,4.0,"[39.72597990991402, -121.83053029095053]"
1081,95930,2.0,"[39.566646, -121.146228]"
1082,95932,2.0,"[39.20661583080073, -122.01449906423784]"
1083,95934,2.0,"[40.08807232627014, -120.9128864609856]"
1084,95935,4.0,"[49.01103338706277, 2.5626440645706277]"
1085,95936,2.0,"[39.56578787504881, -120.7053214485551]"
1086,95937,4.0,"[38.86178368312113, -121.95025326232778]"
1087,95939,2.0,"[39.53155, -122.631569]"
1088,95941,2.0,"[22.8732244, 121.2273203]"
1089,95942,2.0,"[22.988194132186, 121.30282347767421]"
1090,95948,2.0,"[39.364998364251406, -121.68798071211685]"
1091,95949,4.0,"[39.1824761484392, -121.06774910652783]"
1092,95950,6.0,"[39.050953, -121.894136]"
1093,95951,2.0,"[39.601989440140684, -121.76382203512719]"
1094,95953,2.0,"[39.2303874898746, -121.65369827382753]"
1095,95954,2.0,"[39.234408087336874, -121.03806875799187]"
1096,95955,2.0,"[39.2769937, -122.1972611]"
1097,95956,2.0,"[39.79039790283812, -121.23745325432964]"
1098,95959,2.0,"[39.26584868636515, -121.0163428486203]"
1099,95961,2.0,"[39.0578428206721, -121.5518113804462]"
1100,95963,2.0,"[39.74833290149122, -122.19917507957689]"
1101,95966,4.0,"[39.50508106250039, -121.51292734735286]"
1102,95968,2.0,"[39.430514, -121.553992]"
1103,95970,4.0,"[67.60904008635985, 24.150368705048574]"
1104,95971,6.0,"[48.97122685, 2.51118825]"
1105,95975,4.0,"[39.225852, -121.150217]"
1106,95981,4.0,"[39.696707, -121.016623]"
1107,95982,2.0,"[39.34529771060398, -121.78498710977556]"
1108,95983,2.0,"[40.045084, -120.740954]"
1109,95984,8.0,"[40.031208, -121.118713]"
1110,95987,4.0,"[39.154865, -122.15307335]"
1111,95988,2.0,"[39.52876561231787, -122.2106968323119]"
1112,95993,4.0,"[39.133845570555835, -121.70792852485522]"
1113,96001,2.0,"[48.56927710799298, 19.142711443058396]"
1114,96002,2.0,"[48.569386, 19.1186646]"
1115,96006,4.0,"[59.4030792, 24.7143115]"
1116,96007,4.0,"[59.4257953, 24.7254498]"
1117,96008,2.0,"[40.63033168319301, -122.22401086050156]"
1118,96009,2.0,"[41.041524, -121.111168]"
1119,96011,4.0,"[36.92706977557321, 15.11902360716633]"
1120,96013,4.0,"[40.898731713891415, -121.6517921826604]"
1121,96014,2.0,"[37.08716992676213, 15.132866702979133]"
1122,96015,2.0,"[37.226704198974915, 14.866185136336158]"
1123,96016,2.0,"[40.95413182014902, -121.56016852802983]"
1124,96017,4.0,"[36.86919521601008, 15.038208452197702]"
1125,96019,2.0,"[40.67872006780355, -122.3660425793412]"
1126,96021,2.0,"[39.922094609145226, -122.20000223642882]"
1127,96022,2.0,"[40.3733905628507, -122.31873044592545]"
1128,96023,2.0,"[46.0259078, 33.6932542]"
1129,96024,4.0,"[36.8492954, 34.6056836]"
1130,96025,2.0,"[41.207966056990884, -122.27740617166867]"
1131,96027,2.0,"[41.4568064, -122.8955884]"
1132,96028,2.0,"[41.013947743775425, -121.43139338659216]"
1133,96029,2.0,"[39.893376, -122.51187]"
1134,96032,8.0,"[41.605289838300635, -122.84370902196869]"
1135,96037,2.0,"[45.86483, 33.87874]"
1136,96039,4.0,"[58.3779305, 26.7311267]"
1137,96040,4.0,"[40.8178005, -121.4687975]"
1138,96041,6.0,"[40.5499875, -123.17759465]"
1139,96044,2.0,"[41.949774877315015, -122.59514007894866]"
1140,96047,2.0,"[49.88869885, 10.895634601666622]"
1141,96050,4.0,"[49.878888599999996, 10.927064494306062]"
1142,96051,2.0,"[40.935667085116044, -122.38769937636982]"
1143,96052,6.0,"[49.911758649999996, 10.888035511498188]"
1144,96055,2.0,"[40.0266816, -122.0958656]"
1145,96056,2.0,"[41.09114, -121.083458]"
1146,96061,2.0,"[40.341215, -121.461881]"
1147,96063,4.0,"[40.34762870604371, -121.61465009432848]"
1148,96064,6.0,"[41.75888, -122.323822]"
1149,96068,2.0,"[24.1085534, 120.4952016]"
1150,96069,4.0,"[33.1587144, -117.1394828]"
1151,96071,6.0,"[40.66444795458122, -121.44319452072766]"
1152,96073,4.0,"[40.54718580225745, -122.2396328845505]"
1153,96074,6.0,"[39.88395035, -122.55002865]"
1154,96075,2.0,"[40.3321719, -121.9252315]"
1155,96076,2.0,"[40.36056943442861, -122.89029761776771]"
1156,96080,4.0,"[40.17430815131612, -122.2362745870955]"
1157,96084,2.0,"[40.923122, -122.025144]"
1158,96086,4.0,"[59.4150023, 24.7391667]"
1159,96087,2.0,"[40.611449, -122.499661]"
1160,96088,2.0,"[40.49550443730824, -121.88963427057033]"
1161,96091,4.0,"[40.98043996069997, -122.7100112697414]"
1162,96092,4.0,"[39.9285882, -122.0521009]"
1163,96093,4.0,"[40.69375707119403, -122.75335794005854]"
1164,96096,2.0,"[47.909777623176964, 35.09367555467543]"
1165,96101,2.0,"[41.466772940851186, -120.58915993051552]"
1166,96103,2.0,"[49.9307736, 10.874651547289986]"
1167,96108,2.0,"[41.738338, -120.761508]"
1168,96109,2.0,"[40.071863500000006, -120.1554099]"
1169,96110,4.0,"[49.98188385, 11.04486815318438]"
1170,96112,4.0,"[55.722799186627476, 21.39707516632051]"
1171,96115,6.0,"[45.7559586, 34.3377105]"
1172,96116,2.0,"[45.7365861, 34.4129663]"
1173,96122,2.0,"[45.8870403, 34.5811511]"
1174,96123,2.0,"[49.91377725, 11.03150459443686]"
1175,96125,6.0,"[45.7985639, 34.4427744]"
1176,96126,4.0,"[50.1922997, 10.680407796574054]"
1177,96130,4.0,"[55.710083208875666, 21.399977714664015]"
1178,96132,2.0,"[49.7604614, 10.614277113082888]"
1179,96133,2.0,"[45.76406, 34.154605000000004]"
1180,96136,2.0,"[55.713470080810005, 21.40300805912388]"
1181,96137,4.0,"[65.82598624987972, 21.735934006730446]"
1182,96140,4.0,"[65.80694136521392, 21.765696841810424]"
1183,96141,4.0,"[39.08188505225966, -120.15814093140843]"
1184,96142,4.0,"[49.943609550000005, 11.28200582438241]"
1185,96143,2.0,"[23.104287234687437, 121.38313667763539]"
1186,96145,2.0,"[50.1965336, 10.829768578789068]"
1187,96148,4.0,"[49.994612599999996, 10.823383242409067]"
1188,96150,8.0,"[55.69641218212879, 21.38969925109532]"
1189,96161,8.0,"[39.333969, -120.19417]"
